<?xml version="1.0" encoding="UTF-8"?>
<!DOCTYPE mapper PUBLIC "-//mybatis.org//DTD Mapper 3.0//EN" "http://mybatis.org/dtd/mybatis-3-mapper.dtd">
<mapper namespace="com.jzssm.fhf.dao.DomainMsgRespMapper">
  <resultMap id="BaseResultMap" type="com.jzssm.fhf.entity.DomainMsgResp">
    <constructor>
      <idArg column="res_id" javaType="java.lang.Integer" jdbcType="INTEGER" />
      <arg column="res_msg" javaType="java.lang.String" jdbcType="VARCHAR" />
      <arg column="res_role" javaType="java.lang.String" jdbcType="VARCHAR" />
      <arg column="res_time" javaType="java.lang.String" jdbcType="VARCHAR"  />
      <arg column="msg_id" javaType="java.lang.Integer" jdbcType="INTEGER" />
      <arg column="res_user_id" javaType="java.lang.Integer" jdbcType="INTEGER" />
    </constructor>
  </resultMap>
  <sql id="Base_Column_List">
    res_id, res_msg, res_role, res_time, msg_id, res_user_id
  </sql>
  <select id="selectByPrimaryKey" parameterType="java.lang.Integer" resultMap="BaseResultMap">
    select 
    <include refid="Base_Column_List" />
    from tb_msg_response
    where res_id = #{resId,jdbcType=INTEGER}
  </select>
  <delete id="deleteByPrimaryKey" parameterType="java.lang.Integer">
    delete from tb_msg_response
    where res_id = #{resId,jdbcType=INTEGER}
  </delete>
  <insert id="insert" parameterType="com.jzssm.fhf.entity.DomainMsgResp">
    insert into tb_msg_response (res_id, res_msg, res_role, 
      res_time, msg_id, res_user_id
      )
    values (#{resId,jdbcType=INTEGER}, #{resMsg,jdbcType=VARCHAR}, #{resRole,jdbcType=VARCHAR}, 
      #{resTime,jdbcType=TIMESTAMP}, #{msgId,jdbcType=INTEGER}, #{resUserId,jdbcType=INTEGER}
      )
  </insert>
  <insert id="insertSelective" parameterType="com.jzssm.fhf.entity.DomainMsgResp">
    insert into tb_msg_response
    <trim prefix="(" suffix=")" suffixOverrides=",">
      <if test="resId != null">
        res_id,
      </if>
      <if test="resMsg != null">
        res_msg,
      </if>
      <if test="resRole != null">
        res_role,
      </if>
      <if test="resTime != null">
        res_time,
      </if>
      <if test="msgId != null">
        msg_id,
      </if>
      <if test="resUserId != null">
        res_user_id,
      </if>
    </trim>
    <trim prefix="values (" suffix=")" suffixOverrides=",">
      <if test="resId != null">
        #{resId,jdbcType=INTEGER},
      </if>
      <if test="resMsg != null">
        #{resMsg,jdbcType=VARCHAR},
      </if>
      <if test="resRole != null">
        #{resRole,jdbcType=VARCHAR},
      </if>
      <if test="resTime != null">
        #{resTime,jdbcType=TIMESTAMP},
      </if>
      <if test="msgId != null">
        #{msgId,jdbcType=INTEGER},
      </if>
      <if test="resUserId != null">
        #{resUserId,jdbcType=INTEGER},
      </if>
    </trim>
  </insert>
  <update id="updateByPrimaryKeySelective" parameterType="com.jzssm.fhf.entity.DomainMsgResp">
    update tb_msg_response
    <set>
      <if test="resMsg != null">
        res_msg = #{resMsg,jdbcType=VARCHAR},
      </if>
      <if test="resRole != null">
        res_role = #{resRole,jdbcType=VARCHAR},
      </if>
      <if test="resTime != null">
        res_time = #{resTime,jdbcType=TIMESTAMP},
      </if>
      <if test="msgId != null">
        msg_id = #{msgId,jdbcType=INTEGER},
      </if>
      <if test="resUserId != null">
        res_user_id = #{resUserId,jdbcType=INTEGER},
      </if>
    </set>
    where res_id = #{resId,jdbcType=INTEGER}
  </update>
  <update id="updateByPrimaryKey" parameterType="com.jzssm.fhf.entity.DomainMsgResp">
    update tb_msg_response
    set res_msg = #{resMsg,jdbcType=VARCHAR},
      res_role = #{resRole,jdbcType=VARCHAR},
      res_time = #{resTime,jdbcType=TIMESTAMP},
      msg_id = #{msgId,jdbcType=INTEGER},
      res_user_id = #{resUserId,jdbcType=INTEGER}
    where res_id = #{resId,jdbcType=INTEGER}
  </update>
  <select id="selectAllMsgRespData" parameterType="java.lang.Integer" resultType="java.util.HashMap">
    select a.res_id as resId, a.res_msg as resMsg, a.res_role as resRole, a.res_time as resTime, a.msg_id as msgId,
     a.res_user_id as resUserId,b.msg_name as msgName, c.user_name as userName from tb_msg_response as a
     left join  tb_msg as b on a.msg_id = b.msg_id
     left join  tb_user as c on c.user_id = b.user_id
    <if test="loginId != null">
    where a.res_user_id = #{loginId,jdbcType=INTEGER}
    </if>
  </select>
</mapper>