<?xml version="1.0" encoding="UTF-8"?>
<beans xmlns="http://www.springframework.org/schema/beans"
       xmlns:xsi="http://www.w3.org/2001/XMLSchema-instance"
       xmlns:mvc="http://www.springframework.org/schema/mvc"
       xmlns:context="http://www.springframework.org/schema/context"
       xmlns:aop="http://www.springframework.org/schema/aop"
       xmlns:tx="http://www.springframework.org/schema/tx"
       xsi:schemaLocation="http://www.springframework.org/schema/beans
	http://www.springframework.org/schema/beans/spring-beans-3.0.xsd
	http://www.springframework.org/schema/mvc
	http://www.springframework.org/schema/mvc/spring-mvc-3.0.xsd
	http://www.springframework.org/schema/context
	http://www.springframework.org/schema/context/spring-context-3.0.xsd
	http://www.springframework.org/schema/aop
	http://www.springframework.org/schema/aop/spring-aop-3.0.xsd
	http://www.springframework.org/schema/tx
	http://www.springframework.org/schema/tx/spring-tx-3.0.xsd">
    <!-- 1.加载数据库用于配置的属性文件 -->
    <context:property-placeholder location="classpath:db.properties"/>
    <!-- 2.包扫描：dao,service -->
    <!--<context:component-scan base-package="com.dao,com.service"></context:component-scan>-->
    <!-- 3.dataSource 数据源 -->
    <bean id="dataSource" class="com.mchange.v2.c3p0.ComboPooledDataSource" destroy-method="close">
        <property name="driverClass" value="${jdbc.driver}"/>
        <property name="jdbcUrl" value="${jdbc.jurl}"/><!-- 不可以用url username 因为C3P0不识别 -->
        <property name="user" value="${jdbc.user}"/>
        <property name="password" value="${jdbc.password}"/>

        <!-- 连接池中保留最大的链接数 默认为15 -->
        <property name="maxPoolSize" value="${c3p0.pool.maxPoolSize}"/>
        <!-- 连接池中保留最小的链接数默认为15 -->
        <property name="minPoolSize" value="${c3p0.pool.minPoolSize}"/>
        <!-- 初始化时创建的连接数，应在minPoolSize与maxPollSize之间取值 -->
        <property name="initialPoolSize" value="${c3p0.pool.acquireIncrement}"/>
    </bean>

    <!-- mybatis和spring完美整合，不需要mybatis的配置映射文件 -->
    <bean id="sqlSessionFactory" class="org.mybatis.spring.SqlSessionFactoryBean">
        <property name="dataSource" ref="dataSource"/>
        <!-- 扫描model包 -->
        <property name="typeAliasesPackage" value="com.jzssm.fhf.entity"/>
        <!-- 扫描sql配置文件:mapper需要的xml文件-->
        <property name="mapperLocations" value="classpath:mapper/*.xml"/>
    </bean>

    <!-- Mapper动态代理开发，扫描dao接口包-->
    <bean class="org.mybatis.spring.mapper.MapperScannerConfigurer">
        <!-- 注入sqlSessionFactory -->
        <property name="sqlSessionFactoryBeanName" value="sqlSessionFactory"/>
        <!-- 给出需要扫描Dao接口包 -->
        <property name="basePackage" value="com.jzssm.fhf.dao"/>
    </bean>
    <!-- 5事务管理 -->
    <bean id="txManager" class="org.springframework.jdbc.datasource.DataSourceTransactionManager">
        <property name="dataSource" ref="dataSource"/>
    </bean>

    <!-- 事物通知 tx是transaction（业务；事务） -->
    <tx:advice id="txAdvice" transaction-manager="txManager">
        <tx:attributes>
            <tx:method name="insert*" propagation="REQUIRED"/>
            <tx:method name="update*" propagation="REQUIRED"/>
            <tx:method name="delete*" propagation="REQUIRED"/>
            <tx:method name="save*" propagation="REQUIRED"/>
            <tx:method name="find*" read-only="false"/>
            <tx:method name="get*" read-only="false"/>
            <tx:method name="view" read-only="false"/>
        </tx:attributes>
    </tx:advice>
    <!-- 事务切面注入的配置 -->
    <aop:config>
        <aop:pointcut expression="execution(* com.jzssm.fhf.service.*.*(..))" id="txPointcut"/>
        <aop:advisor advice-ref="txAdvice" pointcut-ref="txPointcut"/>
    </aop:config>

</beans>