<?xml version="1.0" encoding="UTF-8"?>
<!DOCTYPE generatorConfiguration
        PUBLIC "-//mybatis.org//DTD MyBatis Generator Configuration 1.0//EN"
        "http://mybatis.org/dtd/mybatis-generator-config_1_0.dtd">
<generatorConfiguration>
    <classPathEntry
            location="E:\Maven\tanbao_repository\mysql\mysql-connector-java\5.1.35\mysql-connector-java-5.1.35.jar"/>

    <context id="DB2Tables" targetRuntime="MyBatis3">
        <commentGenerator>
            <!-- 是否去除自动生成日期的注释 true：是 ： false:否 -->
            <property name="suppressDate" value="false"/>
            <!-- 是否去除所有自动生成的注释 true：是 ： false:否 -->
            <property name="suppressAllComments" value="true"/>
        </commentGenerator>

        <jdbcConnection driverClass="com.mysql.jdbc.Driver"
                        connectionURL="jdbc:mysql://localhost:3306/db_jzssm?useSSL=true"
                        userId="root"
                        password="root"/>
        <!--生成entity类存放位置-->
        <javaModelGenerator targetPackage="com.jzssm.fhf.entity"
                            targetProject="./src/main/java">
            <property name="enableSubPackages" value="true"/>
            <property name="trimStrings" value="true"/>
            <!-- 是否允许子包，即targetPackage.schemaName.tableName -->
            <property name="enableSubPackages" value="false"/>
            <!-- 是否对model添加 构造函数 -->
            <property name="constructorBased" value="true"/>
            <!-- 是否对类CHAR类型的列的数据进行trim操作 -->
            <property name="trimStrings" value="true"/>
            <!-- 建立的Model对象是否 不可改变  即生成的Model对象不会有 setter方法，只有构造方法 -->
            <property name="immutable" value="false"/>
        </javaModelGenerator>
        <!--生成映射文件存放位置-->
        <sqlMapGenerator targetPackage="mapper"
                         targetProject="./src/main/resources">
            <property name="enableSubPackages" value="true"/>
        </sqlMapGenerator>
   <!--     &lt;!&ndash;生成Dao类存放位置&ndash;&gt;
        <javaClientGenerator targetPackage="com.jzssm.fhf.dao"
                             targetProject="./src/main/java"
                             type="XMLMAPPER">
            &lt;!&ndash; enableSubPackages:是否让schema作为包的后缀 &ndash;&gt;
            <property name="enableSubPackages" value="true"/>
        </javaClientGenerator>-->

       <!--  <table tableName="tb_user" domainObjectName="DomainUser"
                enableCountByExample="false" enableUpdateByExample="false"
                enableDeleteByExample="false" enableSelectByExample="false"
                selectByExampleQueryId="false"/>-->
        <table tableName="tb_require_user" domainObjectName="DomainRequireUser"
               enableCountByExample="false" enableUpdateByExample="false"
               enableDeleteByExample="false" enableSelectByExample="false"
               selectByExampleQueryId="false">
        </table>
       <!-- <table tableName="tb_msg_response" domainObjectName="DomainMsgResp"
               enableCountByExample="false" enableUpdateByExample="false"
               enableDeleteByExample="false" enableSelectByExample="false"
               selectByExampleQueryId="false">
        </table>-->
<!--
        <table tableName="tb_msg" domainObjectName="DomainMsg"
               enableCountByExample="false" enableUpdateByExample="false"
               enableDeleteByExample="false" enableSelectByExample="false"
               selectByExampleQueryId="false">
        </table>
        <table tableName="tb_pkstar" domainObjectName="DomainPkStar"
               enableCountByExample="false" enableUpdateByExample="false"
               enableDeleteByExample="false" enableSelectByExample="false"
               selectByExampleQueryId="false">
        </table>

        <table tableName="tb_require_user" domainObjectName="DomainRequireUser"
               enableCountByExample="false" enableUpdateByExample="false"
               enableDeleteByExample="false" enableSelectByExample="false"
               selectByExampleQueryId="false">
        </table>

        <table tableName="tb_work" domainObjectName="DomainWork"
               enableCountByExample="false" enableUpdateByExample="false"
               enableDeleteByExample="false" enableSelectByExample="false"
               selectByExampleQueryId="false">
        </table>-->

      <!--  <table tableName="tb_employer" domainObjectName="DomainEmployer"
               enableCountByExample="false" enableUpdateByExample="false"
               enableDeleteByExample="false" enableSelectByExample="false"
               selectByExampleQueryId="false">
            &lt;!&ndash;<columnRenamingRule searchString="^D_"
                                replaceString=""/>&ndash;&gt;
        </table>-->
    </context>
</generatorConfiguration>