<?xml version="1.0" encoding="UTF-8"?>
<beans xmlns="http://www.springframework.org/schema/beans"
       xmlns:xsi="http://www.w3.org/2001/XMLSchema-instance"
       xmlns:context="http://www.springframework.org/schema/context"
       xmlns:mvc="http://www.springframework.org/schema/mvc"
       xmlns:task="http://www.springframework.org/schema/task"
       xsi:schemaLocation="http://www.springframework.org/schema/beans
       http://www.springframework.org/schema/beans/spring-beans.xsd
       http://www.springframework.org/schema/context
       http://www.springframework.org/schema/context/spring-context.xsd
       http://www.springframework.org/schema/mvc
       http://www.springframework.org/schema/mvc/spring-mvc-3.2.xsd
       http://www.springframework.org/schema/task
       http://www.springframework.org/schema/task/spring-task.xsd">
    <!-- 扫描注解，这样com.xjt包下的文件都能被扫描 -->
    <context:component-scan base-package="com.jzssm.fhf"/>

    <!-- 开启SpringMVC注解模式 -->
    <mvc:annotation-driven/>
    <bean class="com.jzssm.fhf.common.SwaggerConfig"/>
    <!--调度-->
    <task:annotation-driven executor="myExecutor" scheduler="myScheduler"/>
    <task:executor id="myExecutor" pool-size="5"/>
    <task:scheduler id="myScheduler" pool-size="10"/>
    <!-- 静态资源默认servlet配置 -->
    <mvc:default-servlet-handler/>

    <!-- 配置返回视图的路径，以及识别后缀是jsp文件 -->
    <bean class="org.springframework.web.servlet.view.InternalResourceViewResolver">
        <property name="viewClass" value="org.springframework.web.servlet.view.JstlView"/>
        <!-- <property name="prefix" value="/WEB-INF/jsp/"/>-->
        <property name="prefix" value="/"/>
        <property name="suffix" value=".jsp"/>
    </bean>
    <mvc:interceptors>
        <mvc:interceptor>
            <!-- 匹配的是url路径， 如果不配置或/**,将拦截所有的Controller -->
            <mvc:mapping path="/**" />
            <!-- /register 和 /login 不需要拦截-->
            <mvc:exclude-mapping path="/views/assets/**" />
            <mvc:exclude-mapping path="/views/js/**" />
            <mvc:exclude-mapping path="/views/lay/**" />
            <mvc:exclude-mapping path="/register" />
            <mvc:exclude-mapping path="/login" />
            <mvc:exclude-mapping path="/login_page" />
            <mvc:exclude-mapping path="/regist" />
            <mvc:exclude-mapping path="/swagger/api-doc" />
            <mvc:exclude-mapping path="/regist_page"/>
            <mvc:exclude-mapping path="/swagger/**"/>
            <mvc:exclude-mapping path="/swagger-ui.html"/>
            <mvc:exclude-mapping path="/v2/api-docs"/>
            <mvc:exclude-mapping path= "/swagger-resources/configuration/ui"/>
            <mvc:exclude-mapping path= "/swagger-resources"/>
            <mvc:exclude-mapping path= "/swagger-resources/configuration/security"/>
            <mvc:exclude-mapping path= "/swagger-resources/**"/>

            <!--<mvc:exclude-mapping path="/home/**" />-->
            <bean class="com.jzssm.fhf.utils.TokenIntercepter"></bean>
        </mvc:interceptor>
        <!-- 当设置多个拦截器时，先按顺序调用preHandle方法，然后逆序调用每个拦截器的postHandle和afterCompletion方法 -->
    </mvc:interceptors>
    <!-- 向容器自动注入配置 -->
    <context:annotation-config/>
    <mvc:default-servlet-handler/>
<!--    <mvc:resources mapping="/views/images/**" location="/images/"></mvc:resources>-->
    <mvc:resources mapping="/views/assets/**" location="/views/assets/"></mvc:resources>
    <mvc:resources mapping="/views/js/**" location="/views/js/"></mvc:resources>
    <mvc:resources mapping="/views/lay/**" location="/views/lay/"></mvc:resources>
    <mvc:resources mapping="/views/pages/**" location="/views/pages/"></mvc:resources>
    <mvc:resources mapping="/swagger/**" location="/swagger/"></mvc:resources>
    <!-- 静态资源 -->
    <mvc:resources mapping="swagger-ui.html" location="classpath:/META-INF/resources/" />
    <mvc:resources mapping="/webjars/**" location="classpath:/META-INF/resources/webjars/" />

    <!-- session工厂 -->
    <bean id="sqlSessionFactory"
          class="org.mybatis.spring.SqlSessionFactoryBean">
        <property name="dataSource" ref="dataSource" />
        <!-- 自动扫描mapping.xml文件 -->
        <property name="mapperLocations"
                  value="classpath:/mapper/*.xml"></property>
        <!-- 配置分页插件 -->
        <property name="plugins">
            <array>
                <bean class="com.github.pagehelper.PageInterceptor">
                    <property name="properties">
                        <value>
                          <!--  dialect=mysql-->
                            offsetAsPageNum = true
                            reasonable = true
                            rowBoundsWithCount = true
                            pageSizeZero = true
                        </value>
                    </property>
                </bean>
            </array>
        </property>
    </bean>
</beans>